{
  "parent": "minecraft:item/handheld",
  "texture_size": [32, 32],
  "textures": {
    "handle": "minecraft:block/stripped_spruce_log_top",
    "guard": "minecraft:block/gold_block",
    "blade": "minecraft:block/diamond_block",
    "glow": "minecraft:block/sea_lantern"
  },
  "display": {
    "thirdperson_righthand": {
      "rotation": [0, -90, 45],
      "translation": [0, 2.5, 0],
      "scale": [0.85, 0.85, 0.85]
    },
    "thirdperson_lefthand": {
      "rotation": [0, 90, -45],
      "translation": [0, 2.5, 0],
      "scale": [0.85, 0.85, 0.85]
    },
    "firstperson_righthand": {
      "rotation": [0, -90, 25],
      "translation": [1.5, 0.5, 0.5],
      "scale": [0.9, 0.9, 0.9]
    },
    "firstperson_lefthand": {
      "rotation": [0, 90, -25],
      "translation": [1.5, 0.5, 0.5],
      "scale": [0.9, 0.9, 0.9]
    },
    "gui": {
      "rotation": [30, -40, 0],
      "translation": [0, 0, 0],
      "scale": [1, 1, 1]
    },
    "ground": {
      "rotation": [0, 0, 0],
      "translation": [0, 3, 0],
      "scale": [0.6, 0.6, 0.6]
    }
  },
  "elements": [
    {
      "name": "handle",
      "from": [7, 0, 7],
      "to": [9, 6, 9],
      "faces": {
        "north": {"texture": "#handle", "uv": [6, 0, 8, 6]},
        "east": {"texture": "#handle", "uv": [6, 0, 8, 6]},
        "south": {"texture": "#handle", "uv": [6, 0, 8, 6]},
        "west": {"texture": "#handle", "uv": [6, 0, 8, 6]},
        "up": {"texture": "#handle", "uv": [6, 0, 8, 2]},
        "down": {"texture": "#handle", "uv": [6, 0, 8, 2]}
      }
    },
    {
      "name": "pommel",
      "from": [6, 6, 6],
      "to": [10, 7.5, 10],
      "faces": {
        "north": {"texture": "#guard", "uv": [0, 0, 4, 1.5]},
        "east": {"texture": "#guard", "uv": [0, 0, 4, 1.5]},
        "south": {"texture": "#guard", "uv": [0, 0, 4, 1.5]},
        "west": {"texture": "#guard", "uv": [0, 0, 4, 1.5]},
        "up": {"texture": "#guard", "uv": [0, 0, 4, 4]},
        "down": {"texture": "#guard", "uv": [0, 0, 4, 4]}
      }
    },
    {
      "name": "guard",
      "from": [5, 7.5, 5],
      "to": [11, 9.5, 11],
      "faces": {
        "north": {"texture": "#guard", "uv": [0, 0, 6, 2]},
        "east": {"texture": "#guard", "uv": [0, 0, 6, 2]},
        "south": {"texture": "#guard", "uv": [0, 0, 6, 2]},
        "west": {"texture": "#guard", "uv": [0, 0, 6, 2]},
        "up": {"texture": "#guard", "uv": [0, 0, 6, 6]},
        "down": {"texture": "#guard", "uv": [0, 0, 6, 6]}
      }
    },
    {
      "name": "core_blade",
      "from": [7, 9.5, 7],
      "to": [9, 16, 9],
      "faces": {
        "north": {"texture": "#blade", "uv": [0, 0, 2, 6.5]},
        "east": {"texture": "#blade", "uv": [0, 0, 2, 6.5]},
        "south": {"texture": "#blade", "uv": [0, 0, 2, 6.5]},
        "west": {"texture": "#blade", "uv": [0, 0, 2, 6.5]},
        "up": {"texture": "#blade", "uv": [0, 0, 2, 2]},
        "down": {"texture": "#blade", "uv": [0, 0, 2, 2]}
      }
    },
    {
      "name": "blade_edge",
      "from": [7.25, 16, 6.75],
      "to": [8.75, 17.5, 9.25],
      "faces": {
        "north": {"texture": "#blade", "uv": [0, 0, 1.5, 1.5]},
        "east": {"texture": "#blade", "uv": [0, 0, 2, 1.5]},
        "south": {"texture": "#blade", "uv": [0, 0, 1.5, 1.5]},
        "west": {"texture": "#blade", "uv": [0, 0, 2, 1.5]},
        "up": {"texture": "#blade", "uv": [0, 0, 1.5, 2]},
        "down": {"texture": "#blade", "uv": [0, 0, 1.5, 2]}
      }
    },
    {
      "name": "light_core",
      "from": [7.4, 9.5, 7.4],
      "to": [8.6, 16, 8.6],
      "faces": {
        "north": {"texture": "#glow", "uv": [0, 0, 1.2, 6.5], "tintindex": 0},
        "east": {"texture": "#glow", "uv": [0, 0, 1.2, 6.5], "tintindex": 0},
        "south": {"texture": "#glow", "uv": [0, 0, 1.2, 6.5], "tintindex": 0},
        "west": {"texture": "#glow", "uv": [0, 0, 1.2, 6.5], "tintindex": 0},
        "up": {"texture": "#glow", "uv": [0, 0, 1.2, 1.2], "tintindex": 0},
        "down": {"texture": "#glow", "uv": [0, 0, 1.2, 1.2], "tintindex": 0}
      }
    }
  ]
}
