﻿{
  "providers": [
    {
      "type": "bitmap",
      "file": "minecraft:font/admin.png",
      "height": 7,
      "ascent": 7,
      "chars": [
        "\u00A2"
      ]
    },
    {
      "type": "bitmap",
      "file": "minecraft:font/player.png",
      "height": 7,
      "ascent": 7,
      "chars": [
        "\u00A5"
      ]
    },
    {
      "type": "bitmap",
      "file": "minecraft:font/vip.png",
      "height": 7,
      "ascent": 7,
      "chars": [
        "\u00DE"
      ]
    }
  ]
}
